{
	"IcoMoonType": "selection",
	"icons": [
		{
			"icon": {
				"paths": [
					"M1018.17 291.89l-286.058-286.058c-9.334-9.334-21.644-7.234-27.356 4.666l-38.354 79.904 267.198 267.198 79.904-38.354c11.9-5.712 14-18.022 4.666-27.356z",
					"M615.384 135.384l-263.384 21.95c-17.5 2.166-32.080 5.898-37.090 28.752-0.006 0.024-0.012 0.042-0.018 0.066-71.422 343.070-314.892 677.848-314.892 677.848l57.374 57.374 271.986-271.99c-5.996-12.53-9.36-26.564-9.36-41.384 0-53.020 42.98-96 96-96s96 42.98 96 96-42.98 96-96 96c-14.82 0-28.852-3.364-41.384-9.36l-271.988 271.986 57.372 57.374c0 0 334.778-243.47 677.848-314.892 0.024-0.006 0.042-0.012 0.066-0.018 22.854-5.010 26.586-19.59 28.752-37.090l21.95-263.384-273.232-273.232z"
				],
				"attrs": [
					{},
					{}
				],
				"isMulticolor": false,
				"tags": [
					"pen",
					"write",
					"edit"
				],
				"grid": 16
			},
			"attrs": [
				{},
				{}
			],
			"properties": {
				"order": 1,
				"id": 0,
				"prevSize": 16,
				"code": 58883,
				"name": "lapiz_1"
			},
			"setIdx": 1,
			"iconIdx": 0
		},
		{
			"icon": {
				"paths": [
					"M724.032 638.112l-0.32-0.192-2.112 1.696 3.008 0.448c0 0 129.664 326.528 102.496 373.856-53.408 40.48-282.944-179.040-312.768-208.032l0.192 1.12c0 0-257.888 257.536-317.6 211.488-35.776-25.984 94.304-384.96 94.304-384.96l0.608-0.096c-47.776-27.296-310.176-212.672-290.784-279.392 0.576-40.16 365.248-37.376 376.864-35.808 1.408-8.16 63.904-318.24 134.112-318.24 70.56 0 131.2 317.376 131.936 321.792h0.192l0.064 0.32 0.8-1.696c0 0 377.376-5.792 377.952 33.632 21.376 73.376-298.944 284.064-298.944 284.064z"
				],
				"attrs": [],
				"isMulticolor": false,
				"tags": [
					"star",
					"favorite",
					"rate"
				],
				"grid": 16
			},
			"attrs": [],
			"properties": {
				"id": 18,
				"order": 4,
				"prevSize": 16,
				"code": 58880,
				"name": "estrella_1"
			},
			"setIdx": 9,
			"iconIdx": 18
		},
		{
			"icon": {
				"paths": [
					"M399.445 390.741c0 0-134.827 14.933-224.768 24.917-8.107 0.981-15.275 6.4-17.963 14.635s0 16.811 5.973 22.229c66.816 60.971 167.211 152.277 167.211 152.277-0.085 0-27.563 132.821-45.824 221.44-1.536 8.021 1.365 16.512 8.363 21.589 6.955 5.077 15.915 5.163 22.955 1.195 78.677-44.715 196.523-111.957 196.523-111.957s117.888 67.243 196.437 112c7.168 3.925 16.128 3.84 23.083-1.237 6.997-5.077 9.899-13.568 8.32-21.547-18.261-88.661-45.696-221.483-45.696-221.483s100.395-91.307 167.211-152.149c5.973-5.589 8.619-14.165 5.973-22.357s-9.813-13.611-17.92-14.549c-89.941-10.069-224.811-25.003-224.811-25.003s-55.893-123.648-93.141-206.080c-3.499-7.381-10.837-12.544-19.456-12.544s-16 5.205-19.328 12.544c-37.291 82.432-93.141 206.080-93.141 206.080z"
				],
				"attrs": [],
				"isMulticolor": false,
				"tags": [
					"star"
				],
				"grid": 24
			},
			"attrs": [],
			"properties": {
				"id": 25,
				"order": 3,
				"prevSize": 24,
				"code": 58882,
				"name": "estrella_2"
			},
			"setIdx": 2,
			"iconIdx": 25
		},
		{
			"icon": {
				"paths": [
					"M316.373 350.293l195.627 195.627 195.627-195.627 60.373 60.373-256 256-256-256z"
				],
				"attrs": [],
				"isMulticolor": false,
				"tags": [
					"keyboard-arrow-down"
				],
				"grid": 24
			},
			"attrs": [],
			"properties": {
				"id": 449,
				"order": 5,
				"prevSize": 24,
				"code": 58884,
				"name": "flecha_down_2"
			},
			"setIdx": 3,
			"iconIdx": 449
		},
		{
			"icon": {
				"paths": [
					"M316.373 657.707l195.627-195.627 195.627 195.627 60.373-60.373-256-256-256 256z"
				],
				"attrs": [],
				"isMulticolor": false,
				"tags": [
					"keyboard-arrow-up"
				],
				"grid": 24
			},
			"attrs": [],
			"properties": {
				"id": 452,
				"order": 6,
				"prevSize": 24,
				"code": 58885,
				"name": "flecha_up_2"
			},
			"setIdx": 3,
			"iconIdx": 452
		},
		{
			"icon": {
				"paths": [
					"M298.667 426.667l213.333 213.333 213.333-213.333z"
				],
				"attrs": [],
				"isMulticolor": false,
				"tags": [
					"arrow-drop-down"
				],
				"grid": 24
			},
			"attrs": [],
			"properties": {
				"id": 673,
				"order": 7,
				"prevSize": 24,
				"code": 58886,
				"name": "flecha_down_1"
			},
			"setIdx": 3,
			"iconIdx": 673
		},
		{
			"icon": {
				"paths": [
					"M298.667 597.333l213.333-213.333 213.333 213.333z"
				],
				"attrs": [],
				"isMulticolor": false,
				"tags": [
					"arrow-drop-up"
				],
				"grid": 24
			},
			"attrs": [],
			"properties": {
				"id": 675,
				"order": 8,
				"prevSize": 24,
				"code": 58887,
				"name": "flecha_up_1"
			},
			"setIdx": 3,
			"iconIdx": 675
		},
		{
			"icon": {
				"paths": [
					"M212 577.408l-104.416 317.952 139.552-140.064c-9.6-24.224-7.232-65.6 12.384-85.184 26.272-26.304 69.536-25.696 95.808 0.608 26.304 26.304 27.712 70.336 1.44 96.64-20 20-63.936 21.152-88.448 10.784l-138.336 138.72 310.432-109.056 113.056-203.648-137.728-135.872-203.744 109.12zM735.392 107.168c0 0-192.352 192.32-222.016 222.016-29.728 29.696-45.248 141.408-45.248 141.408l86.24 86.272c0 0 108.896-15.552 140-46.688 31.136-31.104 222.016-222.016 222.016-222.016l-180.992-180.992z"
				],
				"attrs": [],
				"isMulticolor": false,
				"tags": [
					"pen",
					"writing",
					"blog"
				],
				"grid": 32
			},
			"attrs": [],
			"properties": {
				"id": 219,
				"order": 2,
				"prevSize": 32,
				"code": 58881,
				"name": "lapiz_2"
			},
			"setIdx": 6,
			"iconIdx": 219
		}
	],
	"height": 1024,
	"metadata": {
		"name": "fconquis"
	},
	"preferences": {
		"showGlyphs": true,
		"showQuickUse": true,
		"showQuickUse2": true,
		"showSVGs": true,
		"fontPref": {
			"prefix": "icon-",
			"metadata": {
				"fontFamily": "fconquis",
				"majorVersion": 1,
				"minorVersion": 0
			},
			"metrics": {
				"emSize": 1024,
				"baseline": 6.25,
				"whitespace": 50
			},
			"showSelector": true,
			"showMetrics": true,
			"showMetadata": true,
			"showVersion": true
		},
		"imagePref": {
			"prefix": "icon-",
			"png": true,
			"useClassSelector": true,
			"color": 4473924,
			"bgColor": 16777215
		},
		"historySize": 100,
		"showCodes": true
	}
}